country,tax_rate,unempl_rate,edu_index,health_index,corruption_rank,democracy_index,personal_freedom,economic_freedom,human_freedom,inflation,median_age,life_expectancy,social_mobility,press_score,gdp_per_capita,literacy_rate,infant_mortality,political_rights,civil_liberties,hdi,crime_index,safety_index,epi,pollution,safety,law_index,happiness,gini,gdp_growth,voting_age,reg_voters,opportunity,share_agriculture,avg_temperature,suicide_total,suicide_male,suicide_female,perc_urban_pop,urban_rate
Abkhazia,N/A,N/A,N/A,N/A,N/A,N/A,N/A,N/A,N/A,N/A,N/A,N/A,N/A,N/A,N/A,N/A,N/A,17,23,N/A,N/A,N/A,N/A,N/A,N/A,N/A,N/A,N/A,N/A,N/A,N/A,N/A,N/A,N/A,N/A,N/A,N/A,N/A,N/A
Adorra,N/A,N/A,N/A,N/A,N/A,N/A,N/A,N/A,N/A,N/A,N/A,N/A,N/A,N/A,N/A,N/A,3.7,N/A,N/A,N/A,N/A,N/A,N/A,N/A,N/A,N/A,N/A,N/A,N/A,N/A,N/A,N/A,N/A,N/A,N/A,N/A,N/A,N/A,N/A
Afghanistan,20,11.2,0.415,N/A,165,N/A,N/A,N/A,N/A,5,16.5,64.8,N/A,40.19,1976,43,151.9,13,14,0.511,76.31,23.69,25.5,89.62,23.77,-1.71,2.567,N/A,-5,N/A,N/A,N/A,25.77,12.6,4.1,4.6,3.6,26,3.37
Albania,23,12.1,0.745,50.42,104,N/A,8.01,7.67,7.84,2,32.9,78.6,55.6,30.59,12943,98.1,18.6,27,39,0.795,42.53,57.47,49,78.87,60.48,-0.41,4.883,29,-3.5,N/A,N/A,78,18.46,11.4,4.3,5.9,2.7,62,1.69
Algeria,35,11.4,0.664,53.12,104,N/A,5.2,4.77,4.99,5.6,N/A,N/A,N/A,47.26,15293,81.4,27.7,10,22,0.748,52.03,47.97,44.8,65.26,50.19,-0.82,5.005,27.6,-5.99,N/A,N/A,110,12.38,22.5,2.5,3.1,1.8,73,2.46
American Samoa,N/A,N/A,N/A,N/A,N/A,N/A,N/A,N/A,N/A,-0.5,N/A,N/A,N/A,N/A,N/A,N/A,10.1,N/A,N/A,N/A,N/A,N/A,N/A,N/A,N/A,N/A,N/A,N/A,N/A,N/A,N/A,N/A,N/A,N/A,N/A,N/A,N/A,87,0.07
Andorra,N/A,N/A,0.714,N/A,N/A,N/A,N/A,N/A,N/A,-0.9,N/A,N/A,N/A,23.32,N/A,100,N/A,38,55,0.868,N/A,N/A,N/A,N/A,N/A,1.58,N/A,N/A,N/A,N/A,N/A,N/A,N/A,7.6,N/A,N/A,N/A,87,-0.31
Angola,25,31.6,0.498,N/A,142,N/A,5.98,4.83,5.4,29.8,16.3,61.3,N/A,34.06,6658,71.1,180.2,10,21,0.581,66.48,33.52,29.7,N/A,35.03,-1.05,N/A,42.7,-3.97,N/A,N/A,144,6.66,21.55,6.1,10,2.3,66,4.32
Anguilla,0,N/A,N/A,N/A,N/A,N/A,N/A,N/A,N/A,1.3,N/A,N/A,N/A,N/A,N/A,N/A,3.5,N/A,N/A,N/A,N/A,N/A,N/A,N/A,N/A,N/A,N/A,N/A,N/A,N/A,N/A,N/A,N/A,N/A,N/A,N/A,N/A,100,0.9
Antigua and Barbuda,0,N/A,0.676,N/A,N/A,N/A,N/A,N/A,N/A,2.5,30.5,77,N/A,N/A,23522,99,16.2,33,52,0.778,N/A,N/A,48.5,N/A,N/A,0.41,N/A,N/A,-17.27,N/A,N/A,N/A,1.76,26,0.4,0,0.8,24,0.55
Argentina,35,10.2,0.816,68.99,78,N/A,8.04,5.67,6.86,25.7,31.1,76.7,57.3,28.99,20829,99,11.4,35,49,0.845,63.82,36.18,52.2,51.01,38.23,-0.43,5.975,41.2,-9.95,N/A,N/A,88,6.09,14.8,8.4,13.7,3.3,92,1.07
Armenia,22,17,0.749,N/A,60,5.35,7.15,7.7,7.42,0.9,N/A,N/A,53.9,28.83,9668,99.7,20.2,22,33,0.776,22.79,77.21,52.3,60.51,78.4,-0.13,4.677,33.6,-7.57,N/A,N/A,61,11.99,7.15,3.3,5.6,1.3,63,0.22
Aruba,52,N/A,N/A,N/A,N/A,N/A,N/A,N/A,N/A,-0.5,N/A,N/A,N/A,N/A,39493,97.8,13.8,N/A,N/A,N/A,N/A,N/A,N/A,N/A,N/A,1.26,N/A,N/A,N/A,N/A,N/A,N/A,N/A,N/A,N/A,N/A,N/A,43,0.67
Australia,45,4.5,0.929,77.86,11,8.96,9.16,8.07,8.62,2,37.2,83,75.1,19.79,49378,N/A,4.7,40,57,0.944,43.03,56.97,74.9,23.69,58.64,1.73,7.223,35.8,-2.43,78.96,90.98,7,2.12,21.65,12.5,18.6,6.4,86,1.43
Austria,55,6.9,0.852,76.98,15,N/A,9.25,7.71,8.48,2.2,42.7,81.9,80.1,16.34,53879,N/A,4.4,37,56,0.922,25.54,74.46,79.6,20.42,76.27,1.88,7.294,30.5,-6.59,68.79,80,14,1.09,6.35,14.6,22.8,6.7,58,0.59
Azerbaijan,N/A,6.27,0.709,44.56,129,2.68,6.1,6.34,6.22,13,N/A,N/A,N/A,58.77,17450,99.8,54.6,2,8,0.756,32.02,67.98,46.5,74.3,68.39,-0.58,5.165,26.6,-4.29,N/A,N/A,51,5.7,11.95,4.1,6.6,1.6,56,1.58
Bahamas,0,25.6,0.726,N/A,30,N/A,7.87,7.25,7.56,1.4,N/A,N/A,N/A,N/A,30495,N/A,23.1,38,53,0.814,62.06,37.94,43.5,N/A,37.14,0.08,N/A,N/A,-16.28,N/A,N/A,N/A,0.6,24.85,3.5,5.9,1.3,83,1.13
Bahrain,0,4.9,0.758,N/A,78,2.49,5.91,7.35,6.63,1.4,N/A,N/A,N/A,61.1,47708,97.5,15.2,2,10,0.852,25.64,74.36,51,71.5,70.71,0.49,6.227,N/A,-5.39,N/A,N/A,44,0.28,27.15,8.9,12.5,2.4,89,4.38
Bangladesh,25,5.3,0.508,42.22,146,5.99,5.37,6.18,5.77,5.6,N/A,N/A,40.2,49.71,3877,73.9,59,15,24,0.632,63.9,36.1,29,84.94,36.06,-0.64,4.833,32.4,3.79,N/A,N/A,114,12.68,25,3.7,5.7,1.7,38,3.17
Barbados,28.5,17.2,0.777,N/A,29,N/A,7.59,6.45,7.02,4.4,36.9,79.2,N/A,N/A,18559,99.6,12.2,38,57,0.814,N/A,N/A,45.6,N/A,N/A,0.36,N/A,N/A,-17.6,N/A,N/A,81,N/A,26,0.6,0.9,0.3,31,0.2
Belarus,13,0.2,0.838,44.79,63,2.59,6.66,6.64,6.65,6,39.3,74.7,N/A,50.82,18896,99.8,6.4,2,9,0.823,59.58,40.42,53,44.79,75.01,-0.79,5.54,25.4,-0.9,N/A,N/A,N/A,6.79,6.15,21.2,36.7,7.7,79,0.44
Belgium,50,5.9,0.893,75.37,15,7.51,9.07,7.51,8.29,2.2,41.6,81.8,80.1,11.69,49367,N/A,4.4,39,57,0.931,44.58,55.42,73.3,50.09,56.02,1.36,6.864,27.7,-6.42,87.21,89.37,16,0.63,9.55,18.3,24.9,11.8,98,0.62
Belize,N/A,13.7,0.705,N/A,N/A,N/A,7.12,6.78,6.95,1.1,N/A,N/A,N/A,27.61,8525,N/A,23,34,53,0.716,50.39,49.61,41.9,N/A,N/A,-0.78,N/A,53.3,-14.08,N/A,N/A,118,8.97,25.3,7.1,12.5,1.7,46,2.32
Benin,N/A,2.5,0.471,N/A,83,4.58,7.47,6.08,6.77,0.1,18.4,61.8,N/A,38.18,2276,42.4,64.6,21,44,0.545,N/A,N/A,30,N/A,N/A,-0.66,5.216,47.8,N/A,N/A,N/A,127,26.88,27.55,7.8,11.8,3.8,48,3.89
Bermuda,0,N/A,N/A,N/A,N/A,N/A,N/A,N/A,N/A,1.9,N/A,N/A,N/A,N/A,N/A,N/A,2.4,N/A,N/A,N/A,N/A,N/A,N/A,N/A,N/A,0.85,N/A,N/A,N/A,N/A,N/A,N/A,0.22,N/A,N/A,N/A,N/A,100,-0.44
Bhutan,N/A,5,0.445,N/A,24,5.71,6.29,6.77,6.53,5.8,N/A,N/A,N/A,28.86,9392,66.6,49.3,30,31,0.654,N/A,N/A,39.3,N/A,N/A,0.59,N/A,37.4,-0.81,N/A,N/A,87,15.82,7.4,4.6,6.3,2.7,42,2.98
Bolivia,13,5.6,0.687,N/A,124,5.08,7.07,6.14,6.61,2.8,N/A,N/A,N/A,35.47,7576,92.5,44.6,27,39,0.718,57.77,42.23,44.3,73.21,47.07,-1.12,5.747,44,-7.7,N/A,N/A,113,12.22,21.55,6.2,8.4,4.1,70,1.97
Bosnia and Herzegovina,10,32.42,0.718,53.24,111,4.84,8.04,6.69,7.37,1.2,N/A,N/A,N/A,N/A,13108,98.5,9.1,19,34,0.78,42.99,57.01,45.4,61.04,56.97,-0.23,5.674,33,-5.5,N/A,N/A,90,5.6,9.85,10.9,17.6,4.5,49,0.55
Bosnia-Herzegovina,N/A,N/A,N/A,N/A,N/A,N/A,N/A,N/A,N/A,N/A,N/A,N/A,N/A,28.34,N/A,N/A,N/A,N/A,N/A,N/A,N/A,N/A,N/A,N/A,N/A,N/A,N/A,N/A,N/A,N/A,N/A,N/A,N/A,N/A,N/A,N/A,N/A,N/A,N/A
Botswana,25,23.3,0.659,N/A,35,7.62,6.97,7.37,7.17,3.3,22.5,69.5,N/A,23.25,17024,88.5,12.5,28,44,0.735,52.98,47.02,40.4,N/A,46.51,0.5,3.479,53.3,-8.25,N/A,N/A,80,1.95,21.5,16.1,26.3,6.4,70,2.87
Brazil,27.5,14.1,0.686,57.79,94,6.92,6.74,6.23,6.48,3.4,N/A,N/A,52.1,36.25,15553,93.2,22.5,31,43,0.765,67.49,32.51,51.2,54.4,31.12,-0.18,6.376,53.3,-4.05,N/A,N/A,76,4.4,24.95,6.9,10.9,3,87,1.05
British Virgin Islands,N/A,N/A,N/A,N/A,N/A,N/A,N/A,N/A,N/A,1.1,N/A,N/A,N/A,N/A,N/A,N/A,N/A,N/A,N/A,N/A,N/A,N/A,N/A,N/A,N/A,N/A,N/A,N/A,N/A,N/A,N/A,N/A,N/A,N/A,N/A,N/A,N/A,48,2.42
Brunei,0,8.4,0.704,N/A,35,N/A,N/A,N/A,N/A,-0.2,N/A,N/A,N/A,49.91,79003,97.2,12.2,7,21,0.838,29,71,54.8,N/A,72.32,0.61,N/A,N/A,1.2,N/A,N/A,N/A,0.99,26.85,N/A,N/A,N/A,78,1.66
Bulgaria,10,5,0.805,56.28,69,6.71,8.04,7.54,7.79,1.2,43,75.1,63.8,37.29,20948,N/A,17.8,33,45,0.816,38.21,61.79,57,64.54,61.5,0.04,5.102,37.4,N/A,N/A,N/A,41,3.24,10.55,9.7,15.3,4.4,75,-0.22
Burkina Faso,N/A,5,0.286,N/A,86,3.73,7.39,6.07,6.73,0.4,17.1,61.5,N/A,23.17,1866,41.2,84.5,23,31,0.452,N/A,N/A,38.3,N/A,N/A,-0.43,4.769,35.3,0.79,N/A,N/A,143,20.17,28.29,7.5,11.3,3.7,30,4.99
Burma,N/A,N/A,N/A,N/A,N/A,N/A,N/A,N/A,N/A,4,29,67.2,N/A,N/A,N/A,N/A,49.36,N/A,N/A,N/A,N/A,N/A,N/A,N/A,N/A,-1.06,N/A,N/A,N/A,N/A,N/A,N/A,22.18,N/A,N/A,N/A,N/A,N/A,N/A
Burundi,N/A,0.8,0.424,N/A,165,2.14,4.95,6.17,5.56,16.6,17.6,61.6,N/A,47.57,735,68.4,59.6,4,10,0.433,N/A,N/A,27,N/A,N/A,-1.43,3.775,38.6,-1.28,N/A,N/A,135,28.9,19.8,6.2,9.2,3.4,13,5.68
Cabo Verde,N/A,N/A,N/A,N/A,41,N/A,N/A,N/A,N/A,N/A,N/A,N/A,N/A,20.09,6913,N/A,N/A,38,54,N/A,N/A,N/A,32.8,N/A,N/A,N/A,N/A,47.2,N/A,N/A,N/A,N/A,N/A,N/A,N/A,N/A,N/A,N/A,N/A
Cambodia,20,0.31,0.487,49.43,160,3.1,6.82,7.44,7.13,2.9,24.4,69.8,N/A,46.84,4018,80.5,54.8,5,19,0.594,51.13,48.87,33.6,78.27,49.34,-0.94,4.848,N/A,-3.53,N/A,N/A,92,20.71,26.8,4.9,7,2.8,24,3.25
Cameroon,N/A,3.6,0.547,N/A,149,2.77,5.43,5.84,5.64,0.6,18.3,59.3,36,43.78,3722,77.1,63.3,7,9,0.563,65.24,34.76,33.6,90.12,N/A,-1.12,5.085,46.6,-2.76,N/A,N/A,130,14.51,24.6,9,13.6,4.4,57,3.63
Canada,33,7.1,0.899,71.69,11,N/A,9.22,8.08,8.65,1.6,40.1,82.1,76.1,15.25,46510,N/A,5,40,58,0.929,41.89,58.11,71,28.54,60.33,1.76,7.232,34,-5.4,62.12,68.28,10,N/A,-5.35,11.8,17.6,6.1,81,0.97
Cape Verde,N/A,12.3,0.555,N/A,N/A,7.65,7.74,7.16,7.45,0.8,N/A,N/A,N/A,N/A,N/A,86.8,41.3,N/A,N/A,0.665,N/A,N/A,N/A,N/A,N/A,0.52,N/A,N/A,-14.02,N/A,N/A,N/A,4.63,23.3,N/A,N/A,N/A,66,1.97
Cayman Islands,0,5.2,N/A,N/A,N/A,N/A,N/A,N/A,N/A,2,N/A,N/A,N/A,N/A,N/A,98.9,6.9,N/A,N/A,N/A,N/A,N/A,N/A,N/A,N/A,N/A,N/A,N/A,N/A,N/A,N/A,N/A,N/A,N/A,N/A,N/A,N/A,100,1.27
Central Africa,N/A,4.3,0.341,N/A,146,1.32,5.59,5.23,5.41,4.1,19.7,53.3,N/A,41.92,727,37.4,80.6,3,6,0.397,N/A,N/A,36.9,N/A,N/A,-1.73,3.476,56.2,-0.01,N/A,N/A,N/A,N/A,24.9,12.3,19.6,5.2,42,2.52
Chad,N/A,2.3,0.298,N/A,160,1.55,5.49,5.42,5.46,-0.9,15.8,54.3,N/A,40.2,1945,22.3,98.7,3,14,0.398,N/A,N/A,26.7,N/A,N/A,-1.28,4.423,43.3,-0.88,N/A,N/A,145,42.59,26.55,6.4,9.6,3.3,23,3.88
Chile,40,8.9,0.8,63.99,25,8.28,8.41,7.89,8.15,2.2,33.1,80.1,60.3,27.89,24747,96.4,7.7,38,55,0.851,53.42,46.58,55.3,78.63,54.77,1.07,6.228,46.6,-5.84,52.2,49.02,36,3.61,8.45,9,14.9,3.2,87,0.87
China,45,5.1,0.644,66.16,78,2.27,5.92,6.42,6.17,1.6,37.4,76.9,61.5,78.72,16842,96.8,20.2,-2,11,0.761,30.14,69.86,37.3,81.17,68.17,-0.27,5.124,38.6,2.27,N/A,N/A,34,7.14,6.95,8.1,9.8,6.2,61,2.42
Colombia,39,14.3,0.676,66.92,92,7.04,7.18,6.68,6.93,4.3,N/A,N/A,50.3,43.74,14503,95.1,18.9,29,36,0.767,56.87,43.13,52.9,62.89,45.21,-0.42,6.163,49.7,-6.84,N/A,N/A,68,6.39,24.5,3.9,6.1,1.8,81,1.22
Comoros,N/A,8.4,0.473,N/A,160,3.09,N/A,N/A,N/A,1,19.1,64.3,N/A,30.65,2751,58.8,66.5,16,26,0.554,N/A,N/A,32.1,N/A,N/A,-1.09,4.289,45.3,-0.5,N/A,N/A,N/A,33.07,25.55,5.4,7,3.8,29,2.87
Congo,40,N/A,N/A,N/A,165,N/A,N/A,N/A,N/A,N/A,18.8,64.6,N/A,N/A,5454,N/A,N/A,N/A,N/A,N/A,N/A,N/A,N/A,N/A,N/A,N/A,N/A,48.9,N/A,N/A,N/A,N/A,N/A,N/A,N/A,N/A,N/A,N/A,N/A
Cook Islands,N/A,N/A,N/A,N/A,N/A,N/A,N/A,N/A,N/A,2.2,N/A,N/A,N/A,N/A,N/A,N/A,16.9,N/A,N/A,N/A,N/A,N/A,N/A,N/A,N/A,N/A,N/A,N/A,N/A,N/A,N/A,N/A,N/A,N/A,N/A,N/A,N/A,75,0.37
Costa Rica,25,18.1,0.719,62.15,42,8.16,7.99,7.41,7.7,1.6,29.7,80.3,61.6,8.76,17110,97.9,8.7,38,53,0.81,54.22,45.78,52.5,44.07,43.67,0.54,7.121,48.3,-4.79,N/A,N/A,55,4.15,24.8,8.1,14.1,2,80,1.5
Crimea,N/A,N/A,N/A,N/A,N/A,N/A,N/A,N/A,N/A,N/A,N/A,N/A,N/A,N/A,N/A,N/A,N/A,-2,9,N/A,N/A,N/A,N/A,N/A,N/A,N/A,N/A,N/A,N/A,N/A,N/A,N/A,N/A,N/A,N/A,N/A,N/A,N/A,N/A
Croatia,30,7.4,0.791,63.95,63,6.5,8.45,7.26,7.86,1.1,42.6,78.6,66.7,27.95,26296,99.3,6.3,36,49,0.851,24.59,75.41,63.1,30.84,75.29,0.37,5.505,31.1,-9,N/A,N/A,62,2.92,10.9,16.4,25.3,8.1,57,-0.08
Cuba,N/A,3.87,0.78,N/A,63,2.84,N/A,N/A,N/A,5.5,40.1,78.8,N/A,63.94,N/A,99.8,5.8,1,12,0.783,28.33,71.67,48.4,N/A,72.55,N/A,N/A,N/A,N/A,N/A,N/A,N/A,N/A,25.2,14.5,23,6,77,0.14
Curacao,46.5,N/A,N/A,N/A,N/A,N/A,N/A,N/A,N/A,N/A,N/A,N/A,N/A,N/A,N/A,N/A,N/A,N/A,N/A,N/A,N/A,N/A,N/A,N/A,N/A,N/A,N/A,N/A,N/A,N/A,N/A,N/A,N/A,N/A,N/A,N/A,N/A,89,0.62
Cyprus,35,5.2,0.808,54.59,42,7.56,8.18,7.68,7.93,N/A,35.2,81,69.4,19.85,36012,99.1,6.6,38,56,0.887,31.28,68.72,64.8,55.06,69.99,0.76,6.159,34,-5.1,N/A,N/A,30,1.74,18.45,3.6,6,1.3,66,0.75
Czechia,23,3.6,0.893,75.39,49,7.67,8.92,7.75,8.34,2.4,40.3,79.2,74.7,23.38,38020,99,3.8,36,55,0.9,25.52,74.48,71,36.31,74.48,1.05,6.911,25.9,-5.55,63.44,66.57,31,1.94,7.55,N/A,N/A,N/A,74,0.21
Democratic Republic of the Congo,40,N/A,0.496,N/A,170,1.13,N/A,N/A,N/A,41.5,17.4,60.7,N/A,48.59,889,N/A,81.5,5,15,0.48,N/A,N/A,36.4,N/A,N/A,-1.79,4.311,42.1,-0.06,N/A,N/A,N/A,19.97,24,6.7,10.6,2.8,45,4.53
Denmark,56.5,3.8,0.92,79.79,1,9.15,9.24,7.89,8.56,1.1,41.1,81.3,85.2,8.57,54356,N/A,4.3,40,57,0.94,26.22,73.78,82.5,21.29,74.9,1.9,7.646,28.2,-3.28,80.34,85.89,6,1.33,7.5,10.7,14.9,6.5,88,0.51
Djibouti,N/A,N/A,0.309,N/A,142,2.71,N/A,N/A,N/A,0.7,22.8,67.1,N/A,78.62,N/A,N/A,97.5,5,19,0.524,N/A,N/A,28.1,N/A,N/A,-0.91,N/A,41.6,-1,N/A,N/A,98,1.27,28,9.6,12.6,6.4,78,1.67
Dominican Republic,25,8,0.643,55.6,137,6.32,6.98,6.92,6.95,3.3,N/A,N/A,N/A,25.6,16064,93.8,25.9,26,41,0.756,61.02,38.98,46.3,75.64,38.84,-0.35,5.689,45.7,-6.73,N/A,N/A,89,5.23,24.55,4.9,8,1.8,82,2.06
East Timor,N/A,5.06,0.505,N/A,N/A,N/A,N/A,N/A,N/A,0.6,N/A,N/A,N/A,N/A,N/A,N/A,N/A,N/A,N/A,0.606,N/A,N/A,N/A,N/A,N/A,N/A,N/A,N/A,N/A,N/A,N/A,N/A,N/A,N/A,N/A,N/A,N/A,N/A,N/A
Eastern Donbas,N/A,N/A,N/A,N/A,N/A,N/A,N/A,N/A,N/A,N/A,N/A,N/A,N/A,N/A,N/A,N/A,N/A,-1,5,N/A,N/A,N/A,N/A,N/A,N/A,N/A,N/A,N/A,N/A,N/A,N/A,N/A,N/A,N/A,N/A,N/A,N/A,N/A,N/A
Ecuador,35,7.3,0.697,68.21,92,6.13,7.36,6.28,6.82,0.4,26.1,77.1,53.9,32.83,11612,N/A,20.9,27,40,0.759,55.23,44.77,51,58.36,49.1,-0.58,5.925,44.7,-7.5,N/A,N/A,111,8.8,21.85,7.6,11.6,3.6,64,1.66
Egypt,25,7.3,0.604,46.61,117,2.93,3.95,5.05,4.5,23.5,N/A,N/A,44.8,56.17,11608,71.2,27.2,6,12,0.707,46.83,53.17,43.3,83.92,53.08,-0.42,4.151,31.8,3.57,N/A,N/A,102,11.05,22.1,3,4,2,42,1.86
El Salvador,30,6.9,0.58,N/A,104,5.9,6.62,7.16,6.89,1,N/A,N/A,47.4,30.49,8023,88.5,21.5,30,33,0.673,67.79,32.21,43.1,N/A,32.04,-0.76,6.348,38,-8.58,N/A,N/A,99,4.87,24.45,6.1,10.5,2.1,73,1.57
Equatorial Guinea,N/A,9.2,0.443,N/A,174,1.92,N/A,N/A,N/A,0.7,N/A,N/A,N/A,55.67,24439,95.3,81.5,0,5,0.592,N/A,N/A,38.1,N/A,N/A,-1.42,N/A,N/A,-5.77,N/A,N/A,N/A,2.43,24.55,7.9,9.4,6,73,4.28
Eritrea,N/A,7.4,0.281,N/A,160,2.15,N/A,N/A,N/A,9,18.4,66.4,N/A,81.45,N/A,76.6,43.3,1,1,0.459,N/A,N/A,30.4,N/A,N/A,-1.6,N/A,N/A,-0.62,N/A,N/A,N/A,N/A,25.5,10.9,16.6,5.2,41,3.86
Estonia,20,6.9,0.869,72.68,17,7.84,9.02,7.89,8.46,3.7,40.9,78.8,73.5,15.25,33448,99.8,7.3,38,56,0.892,23.71,76.29,65.3,19.72,76.86,1.28,6.022,32.7,-2.93,56.82,64.23,25,2.49,5.1,14.9,24.3,6.5,69,0.01
Eswatini,N/A,N/A,N/A,N/A,117,3.08,6.29,6.52,6.4,N/A,20.1,60.5,N/A,46.34,8659,88.4,N/A,1,18,0.611,N/A,N/A,33.8,N/A,N/A,N/A,4.308,51.5,-3.34,N/A,N/A,N/A,N/A,21.4,29.4,55.1,4.7,24,2.46
Ethiopia,35,19.1,0.327,N/A,94,3.38,4.77,5.72,5.25,9.9,18.2,66.6,N/A,33.63,1903,51.8,80.8,9,13,0.485,49.3,50.7,34.4,77.74,50.79,-0.47,4.186,35,N/A,N/A,N/A,133,33.52,22.2,5.4,7.7,3.1,21,4.63
Falkland Islands (Islas Malvinas),N/A,N/A,N/A,N/A,N/A,N/A,N/A,N/A,N/A,1.4,N/A,N/A,N/A,N/A,N/A,N/A,N/A,N/A,N/A,N/A,N/A,N/A,N/A,N/A,N/A,N/A,N/A,N/A,N/A,N/A,N/A,N/A,N/A,N/A,N/A,N/A,N/A,78,0.76
Faroe Islands,N/A,1.2,N/A,N/A,N/A,N/A,N/A,N/A,N/A,-0.3,N/A,N/A,N/A,N/A,N/A,N/A,6.3,N/A,N/A,N/A,N/A,N/A,N/A,N/A,N/A,N/A,N/A,N/A,N/A,N/A,N/A,N/A,18.17,N/A,N/A,N/A,N/A,42,0.74
Federated States of Micronesia,N/A,N/A,0.59,N/A,N/A,N/A,N/A,N/A,N/A,N/A,N/A,N/A,N/A,N/A,N/A,N/A,N/A,N/A,N/A,N/A,N/A,N/A,N/A,N/A,N/A,N/A,N/A,N/A,N/A,N/A,N/A,N/A,N/A,25.85,N/A,N/A,N/A,N/A,N/A
Fiji,20,4.8,0.785,N/A,N/A,5.72,7.61,6.74,7.17,3.4,N/A,N/A,N/A,27.92,9575,99.1,11.5,24,36,0.743,57.62,42.38,34.4,52.42,41.08,-0.03,N/A,36.7,-19,N/A,N/A,N/A,11.85,24.4,9,12.2,5.7,57,1.62
Finland,56.95,7.1,0.905,76.19,3,9.2,9.27,7.8,8.53,0.8,42.3,81.9,83.6,6.99,46344,N/A,3.4,40,60,0.938,27.59,72.41,78.9,11.99,76.68,2.02,7.809,27.1,-2.89,73.14,66.85,8,2.45,1.7,15.3,23.2,7.6,85,0.42
France,45,8,0.84,80.56,23,7.99,8.69,7.35,8.02,1.2,40.6,82.7,76.7,22.6,44033,N/A,3.3,38,52,0.901,51.99,48.01,80,42.17,53.21,1.41,6.664,32.7,-8.23,67.93,74.56,20,1.6,10.7,13.8,20.4,7.6,81,0.72
French Polynesia,N/A,N/A,N/A,N/A,N/A,N/A,N/A,N/A,N/A,0,N/A,N/A,N/A,N/A,N/A,N/A,7.5,N/A,N/A,N/A,N/A,N/A,N/A,N/A,N/A,N/A,N/A,N/A,N/A,N/A,N/A,N/A,N/A,N/A,N/A,N/A,N/A,62,1.01
Gabon,N/A,20.5,0.628,N/A,129,3.54,6.1,5.88,5.99,2.7,N/A,N/A,N/A,38.6,18113,84.7,51.7,3,19,0.703,N/A,N/A,45.8,N/A,N/A,-0.73,4.829,38,-1.75,N/A,N/A,132,5.55,25.05,8.4,14.2,2.4,90,2.61
Gambia,N/A,9.6,0.372,N/A,102,4.49,4.64,7.23,5.94,8,17,62.1,N/A,30.76,1699,50.8,67.3,20,26,0.496,N/A,N/A,27.9,N/A,N/A,-0.37,4.751,35.9,0,N/A,N/A,109,21.8,27.5,4.8,6.6,3,62,4.07
Gaza Strip,N/A,N/A,N/A,N/A,N/A,N/A,N/A,N/A,N/A,0.2,N/A,N/A,N/A,N/A,N/A,N/A,18.3,3,8,N/A,N/A,N/A,N/A,N/A,N/A,N/A,N/A,N/A,N/A,N/A,N/A,N/A,N/A,N/A,N/A,N/A,N/A,N/A,N/A
Georgia,20,18.5,0.845,54.43,45,5.31,7.53,7.94,7.74,6,N/A,N/A,55.6,28.64,10674,99.4,16.2,23,37,0.812,23.38,76.62,41.3,70.02,79.79,0.31,4.673,37.9,-6.1,N/A,N/A,45,6.5,5.8,9.2,16,3,59,0.42
Germany,45,3.6,0.94,73.49,9,8.67,9.25,7.82,8.53,1.7,45.5,81,78.8,15.24,52556,N/A,3.9,39,55,0.947,35.79,64.21,77.2,27.81,65.19,1.62,7.076,31.7,-4.9,69.11,76.15,13,0.72,8.4,12.3,18.6,6.2,77,0.27
Ghana,30,4.5,0.558,N/A,75,6.5,7.3,6.58,6.94,12.4,20.6,64.1,45.5,21.33,4502,76.6,51,35,47,0.611,46.98,53.02,27.6,88.98,51.03,0.05,5.148,43.5,0.88,N/A,N/A,96,17.61,27.2,6.6,11.8,1.2,57,3.34
Gibraltar,25,N/A,N/A,N/A,N/A,N/A,N/A,N/A,N/A,2.5,N/A,N/A,N/A,N/A,N/A,N/A,4.8,N/A,N/A,N/A,N/A,N/A,N/A,N/A,N/A,N/A,N/A,N/A,N/A,N/A,N/A,N/A,N/A,N/A,N/A,N/A,N/A,100,0.45
Greece,44,14.2,0.838,57.09,59,7.39,8.07,6.59,7.33,1.1,42.8,82,59.8,29.01,28583,97.7,5.1,37,50,0.888,45.85,54.15,69.1,52.1,59.68,0.2,5.515,36,-8.24,62.14,56.16,70,3.78,15.4,5.1,8.4,1.9,79,0.22
Greenland,N/A,N/A,N/A,N/A,N/A,N/A,N/A,N/A,N/A,0.3,N/A,N/A,N/A,N/A,N/A,100,10.7,N/A,N/A,N/A,N/A,N/A,N/A,N/A,N/A,N/A,N/A,N/A,N/A,N/A,N/A,N/A,N/A,N/A,N/A,N/A,N/A,87,0.42
Grenada,28,N/A,0.758,N/A,52,N/A,N/A,N/A,N/A,0.9,N/A,N/A,N/A,N/A,15156,98.6,13.2,37,52,0.779,N/A,N/A,43.1,N/A,N/A,0.18,N/A,N/A,-13.46,N/A,N/A,N/A,4.89,26.65,0.7,0.6,0.7,36,0.76
Guam,N/A,N/A,N/A,N/A,N/A,N/A,N/A,N/A,N/A,1,N/A,N/A,N/A,N/A,N/A,N/A,N/A,N/A,N/A,N/A,N/A,N/A,N/A,N/A,N/A,N/A,N/A,N/A,N/A,N/A,N/A,N/A,N/A,N/A,N/A,N/A,N/A,94,0.92
Guatemala,7,2,0.514,65.94,149,4.97,6.56,7.57,7.07,4.4,19.4,74.3,43.5,38.45,8168,81.5,27.8,21,31,0.663,58.67,41.33,31.8,72.74,42.17,-1.05,6.399,48.3,-1.5,N/A,N/A,97,9.43,23.45,5.9,9.3,2.6,51,2.68
Guernsey,20,N/A,N/A,N/A,N/A,N/A,N/A,N/A,N/A,3.4,N/A,N/A,N/A,N/A,N/A,N/A,4.4,N/A,N/A,N/A,N/A,N/A,N/A,N/A,N/A,N/A,N/A,N/A,N/A,N/A,N/A,N/A,N/A,N/A,N/A,N/A,N/A,N/A,N/A
Guinea Bissau,N/A,3.2,0.392,N/A,165,2.63,6.09,5.23,6.07,1.1,19.1,58.3,N/A,32.68,1704,59.9,99.8,17,27,0.48,N/A,N/A,29.1,N/A,N/A,-1.26,4.949,50.7,-2.4,N/A,N/A,138,24.19,26.75,7,10.2,3.9,44,3.41
Guyana,N/A,15.8,0.596,N/A,83,6.01,7.16,6.32,6.74,2,N/A,N/A,N/A,25.61,8180,88.5,29.6,30,43,0.682,68.74,31.26,35.9,N/A,32.34,-0.43,N/A,44.6,43.38,N/A,N/A,104,17.6,26,40.3,63,17.4,26,0.83
Haiti,N/A,14.5,0.433,N/A,170,4.22,6.93,6.49,6.71,14.7,N/A,N/A,N/A,31.12,1819,61.7,59.7,15,22,0.51,N/A,N/A,27,N/A,N/A,-0.97,3.721,41.1,-3.7,N/A,N/A,N/A,19.38,24.9,9.6,11.8,7.6,57,2.9
Honduras,25,10.9,0.502,N/A,157,5.36,6.47,7.16,6.81,3.9,N/A,N/A,43.5,49.35,4997,87.2,24,19,25,0.634,74.54,25.46,37.8,N/A,23.89,-1.01,5.953,50.5,-8,N/A,N/A,117,10.75,23.5,2.1,3.3,0.8,58,2.75
Hong Kong,15,4.7,0.855,66.37,11,5.57,8.7,8.91,8.81,1.5,N/A,N/A,N/A,30.44,61671,N/A,2.9,15,37,0.949,22,78,N/A,67.38,79.3,1.6,5.51,N/A,-6.14,N/A,N/A,17,0.07,N/A,N/A,N/A,N/A,100,0.82
Hungary,15,3.9,0.815,52.85,69,6.56,8.04,7.27,7.65,2.4,40.6,76.3,65.8,31.76,28799,99.1,7.8,26,43,0.854,34.36,65.64,63.7,48.12,64.92,0.49,6,30.4,-4.96,71.65,69.68,43,3.32,9.75,16.6,25.9,8.3,71,0.07
Iceland,46.25,5.2,0.912,65.85,17,9.37,9.08,7.74,8.41,1.8,35.5,82.6,82.7,15.37,55322,N/A,3.2,37,57,0.949,23.75,76.25,72.3,15.97,76.64,1.77,7.504,27.8,-6.64,0,81.2,22,4.41,1.75,11.9,19.8,3.9,93,0.81
India,42.74,7,0.556,65.83,86,6.61,6.37,6.91,6.64,3.6,26.4,69.7,42.7,46.56,7166,74.4,30.1,34,33,0.645,44.43,55.57,27.6,79.89,56.68,-0.03,3.573,35.7,-7.96,N/A,N/A,75,16.68,23.65,12.7,14.1,11.1,34,2.37
Indian Kashmir,N/A,N/A,N/A,N/A,N/A,N/A,N/A,N/A,N/A,N/A,N/A,N/A,N/A,N/A,N/A,N/A,N/A,7,20,N/A,N/A,N/A,N/A,N/A,N/A,N/A,N/A,N/A,N/A,N/A,N/A,N/A,N/A,N/A,N/A,N/A,N/A,N/A,N/A
Indonesia,30,6.26,0.622,60.52,102,6.3,6.38,7.27,6.83,3.8,27.8,71.8,49.3,37.4,12310,95.7,29.9,30,29,0.718,45.93,54.07,37.8,67.15,54.16,-0.34,5.286,38.1,-2.07,N/A,N/A,59,12.71,25.85,2.4,3.7,1.1,56,2.27
Iran,N/A,9.4,0.741,52.33,149,2.2,4.48,5.72,5.1,9.6,N/A,N/A,N/A,72.7,20885,85.5,35.7,6,10,0.783,49.38,50.62,48,75.7,50.75,-0.75,4.672,40,1.51,N/A,N/A,101,12.18,17.25,5.2,7.7,2.8,75,1.71
Iraq,15,13.74,0.534,44.38,160,3.62,3.47,5.21,4.34,0.1,19.7,70.6,N/A,55.57,16935,50.1,43.8,16,13,0.674,48.42,51.58,39.5,73.72,52.22,-1.72,4.785,29.5,-10.88,N/A,N/A,132,3.33,21.4,3.6,5.2,2,70,3.06
Ireland,48,6.4,0.918,52.82,20,9.05,8.9,8.13,8.52,0.3,35.3,82.4,75,11.91,76745,N/A,5,39,58,0.955,45.51,54.49,72.8,33.86,54.57,1.39,7.129,31.8,2.47,58.04,65.09,18,0.92,9.3,9.6,15.4,3.9,63,1.14
Isle of Man,20,N/A,N/A,N/A,N/A,N/A,N/A,N/A,N/A,4.1,N/A,N/A,N/A,N/A,N/A,N/A,5.3,N/A,N/A,N/A,19.25,80.75,N/A,N/A,N/A,N/A,N/A,N/A,N/A,N/A,N/A,N/A,N/A,N/A,N/A,N/A,N/A,52,0.89
Israel,50,5,0.874,73.93,35,7.84,7.7,7.53,7.61,0.2,N/A,N/A,68.1,30.9,38868,97.8,4.2,33,43,0.919,31.47,68.53,65.8,58.13,70.4,1.05,7.129,38.9,-2.37,76.1,72.34,23,1.09,19.2,5.3,8.4,2.3,92,1.64
Italy,43,9.3,0.791,66.99,52,7.74,8.67,7.41,8.04,1.3,44.3,83.3,67.4,23.39,40924,N/A,5.5,36,54,0.892,44.85,55.15,71,54.06,55.74,0.28,6.387,35.4,-8.18,65.28,73.05,35,1.91,13.45,6.7,10.1,3.5,71,0.29
Ivory Coast,N/A,3.5,0.424,N/A,104,4.11,N/A,N/A,N/A,N/A,19,57.8,34.5,28.87,3945,47.2,68,16,28,0.538,N/A,N/A,25.8,N/A,N/A,-0.57,5.233,41.5,2.27,N/A,N/A,128,20.67,26.35,8.9,14.9,2.8,51,3.38
Jamaica,30,8.9,0.69,N/A,69,7.13,7.23,7.17,7.2,4.4,N/A,N/A,N/A,9.96,9066,88.7,15.2,34,46,0.734,67.42,32.58,48.2,65.77,33.96,-0.31,5.89,45.5,-10.22,N/A,N/A,71,7.02,24.95,2.4,3.7,1.1,56,0.82
Japan,55.97,2.8,0.848,80.21,19,8.13,8.7,7.86,8.28,0.5,45.9,84.5,76.1,28.88,42067,N/A,2.8,40,56,0.919,22.19,77.81,75.1,39.1,79.34,1.54,5.871,32.1,-4.83,0,53.65,9,N/A,11.15,15.3,21.8,9.2,91,-0.14
Jersey,20,N/A,N/A,N/A,N/A,N/A,N/A,N/A,N/A,3.7,N/A,N/A,N/A,N/A,N/A,N/A,4.7,N/A,N/A,N/A,N/A,N/A,N/A,N/A,N/A,N/A,N/A,N/A,N/A,N/A,N/A,N/A,N/A,N/A,N/A,N/A,N/A,N/A,N/A
Jordan,30,25,0.711,65.37,60,3.62,6.23,7.44,6.84,3.3,23.4,74.6,N/A,42.89,9173,98.2,14.9,11,23,0.729,39.96,60.04,53.4,76.38,59.17,0.14,4.633,33.7,-1.97,N/A,N/A,79,4.91,18.3,1.6,2.5,0.7,91,2.43
Kazakhstan,10,4.9,0.814,59.62,94,3.14,6.69,7.1,6.9,7.4,29.4,73.2,64.8,50.28,26491,99.8,25.7,5,18,0.825,53.77,46.23,44.7,73.17,37.98,-0.43,6.058,27.5,-2.59,N/A,N/A,56,4.47,6.4,17.6,29,6.8,57,1.29
Kenya,30,7.2,0.551,57.53,124,5.05,6.65,7.05,6.85,8,18.8,66.7,N/A,33.65,3292,81.5,54.7,19,29,0.601,60.14,39.86,34.7,75.92,38.34,-0.45,4.583,40.8,-0.12,N/A,N/A,85,34.15,24.75,6.1,9.1,3.2,28,4.23
Kiribati,N/A,N/A,0.62,N/A,N/A,N/A,N/A,N/A,N/A,0.4,N/A,N/A,N/A,N/A,2185,N/A,43.4,37,56,0.63,N/A,N/A,37.7,N/A,N/A,0.74,N/A,37,-0.47,N/A,N/A,N/A,N/A,28.2,28.3,48.6,8.7,55,3.19
"Korea, South",N/A,N/A,N/A,N/A,33,N/A,N/A,N/A,N/A,1.9,N/A,N/A,N/A,N/A,N/A,N/A,4.2,N/A,N/A,N/A,N/A,N/A,N/A,N/A,N/A,N/A,N/A,N/A,N/A,N/A,N/A,N/A,N/A,N/A,N/A,N/A,N/A,N/A,N/A
Kosovo,N/A,27,N/A,N/A,104,N/A,N/A,N/A,N/A,1.5,N/A,N/A,N/A,30.32,N/A,N/A,N/A,23,31,N/A,36.73,63.27,N/A,N/A,67.09,N/A,N/A,N/A,-6,N/A,N/A,N/A,N/A,N/A,N/A,N/A,N/A,N/A,N/A
Kuwait,0,2.3,0.62,58.97,78,3.8,5.97,6.41,6.19,1.5,29.2,75.5,N/A,34.36,72096,96.1,8.9,14,23,0.806,33.42,66.58,53.6,66.15,65.25,0.22,6.102,N/A,-8.13,N/A,N/A,54,0.38,25.35,2.9,4.3,0.7,100,1.78
Kyrgystan,N/A,3.1,0.735,N/A,124,4.21,7.05,6.92,6.98,3.2,N/A,N/A,N/A,30.37,3735,99.6,31.2,4,24,0.697,56.87,43.13,39.8,N/A,N/A,-0.89,5.542,27.3,-7.98,N/A,N/A,72,11.67,1.55,7.4,11.7,3.2,36,2.03
Lao PDR,N/A,N/A,N/A,N/A,N/A,N/A,N/A,N/A,N/A,N/A,N/A,N/A,N/A,N/A,N/A,N/A,N/A,N/A,N/A,N/A,N/A,N/A,N/A,N/A,N/A,N/A,N/A,36.4,N/A,N/A,N/A,105,N/A,N/A,N/A,N/A,N/A,N/A,N/A
Laos,N/A,1,0.484,N/A,134,1.77,5.74,6.67,6.2,0.8,N/A,N/A,43.8,70.56,7038,84.7,77.8,2,11,0.613,N/A,N/A,34.8,78.76,N/A,-0.94,4.889,N/A,-0.43,N/A,N/A,N/A,15.17,22.8,5.4,7.6,3.2,36,3.28
Latvia,31,7.9,0.866,62.02,42,7.24,8.85,7.73,8.29,2.9,41.5,75.7,69,19.26,28362,99.9,8.7,37,52,0.866,38.77,61.23,61.6,33.23,63.05,1.01,5.95,34.2,N/A,51.69,58.8,38,3.73,5.6,20.1,35.5,7,68,-0.93
Lebanon,25,6.6,0.637,63.05,149,4.16,6.52,6.97,6.74,4.5,29.8,79,N/A,34.93,14513,95.1,21.8,13,30,0.744,46.77,53.23,45.4,89.08,56.64,-0.86,4.772,31.8,-25,N/A,N/A,106,3.07,16.4,2.8,3.8,1.7,88,0.75
Lesotho,N/A,24.7,0.502,N/A,83,6.3,6.57,6.5,6.54,5.3,N/A,N/A,N/A,31.61,2932,79.4,77.4,27,36,0.527,N/A,N/A,28,N/A,N/A,-0.38,3.653,54.2,-4.54,N/A,N/A,124,4.73,11.85,72.4,116,30.1,29,2.83
Liberia,N/A,2.7,0.434,N/A,137,5.32,6.13,6.56,6.35,12.4,18.5,64.1,N/A,33.36,1285,48.3,138.2,27,33,0.48,N/A,N/A,22.6,N/A,N/A,-1,4.558,35.3,-2.96,N/A,N/A,134,39.11,25.3,4.5,5.6,3.3,52,3.41
Libya,N/A,18.63,0.616,N/A,173,1.95,4.83,4.45,4.64,28.5,26.6,73,N/A,55.73,19673,91,21,1,8,0.724,61.78,38.22,N/A,57.5,37.81,-1.85,5.489,N/A,-59.71,N/A,N/A,N/A,N/A,21.8,4.5,6,2.9,80,1.68
Liechtenstein,N/A,1.9,0.827,N/A,N/A,N/A,N/A,N/A,N/A,-0.4,N/A,N/A,N/A,19.49,N/A,N/A,4.2,33,57,0.919,N/A,N/A,N/A,N/A,N/A,1.68,N/A,N/A,N/A,N/A,N/A,N/A,N/A,5.65,N/A,N/A,N/A,14,0.81
Lithuania,20,13.1,0.879,70.91,35,7.13,8.76,7.88,8.32,3.7,39.3,76.6,70.5,20.15,33253,99.8,6.4,38,52,0.882,33.42,66.58,62.9,26.67,66.94,1.02,6.215,37.4,-0.82,N/A,N/A,32,3.22,6.2,26.1,45.4,9.6,68,-0.31
Luxembourg,45.78,5.6,0.792,72.92,9,8.68,9.26,7.86,8.56,2.1,39,82.5,79.8,17.56,107641,N/A,4.5,38,59,0.916,34.13,65.87,82.3,23.27,66.61,1.79,7.238,33.8,-1.31,55.12,91.15,21,0.23,8.65,11.3,15.3,7.1,91,1.55
Macao,12,2.9,N/A,N/A,N/A,N/A,N/A,N/A,N/A,1.2,N/A,N/A,N/A,N/A,115367,96.5,3.2,N/A,N/A,N/A,N/A,N/A,N/A,N/A,N/A,0.92,N/A,N/A,-56.3,N/A,N/A,N/A,N/A,N/A,N/A,N/A,N/A,100,1.63
Macedonia,10,15.9,0.691,N/A,N/A,N/A,N/A,N/A,N/A,1.4,N/A,N/A,N/A,N/A,N/A,N/A,9,N/A,N/A,N/A,N/A,N/A,N/A,N/A,N/A,N/A,N/A,N/A,N/A,N/A,N/A,N/A,N/A,N/A,N/A,N/A,N/A,N/A,N/A
"Macedonia, FYR",N/A,N/A,N/A,N/A,N/A,N/A,N/A,N/A,N/A,N/A,N/A,N/A,N/A,N/A,N/A,N/A,N/A,N/A,N/A,N/A,N/A,N/A,N/A,N/A,N/A,N/A,N/A,N/A,N/A,N/A,N/A,58,N/A,N/A,N/A,N/A,N/A,N/A,N/A
Madagascar,N/A,1.9,0.498,N/A,149,5.7,6.51,6.14,6.32,8.3,18.4,67.1,N/A,28.24,1558,74.8,54.2,27,33,0.528,N/A,N/A,26.5,N/A,N/A,-1.01,4.166,42.6,-4.23,N/A,N/A,116,23.21,22.65,5.5,7.6,3.4,38,4.48
Malawi,30,6,0.451,N/A,129,5.74,7.13,6.06,6.6,12.2,17.2,64.3,N/A,28.8,1205,62.1,89,29,37,0.483,N/A,N/A,38.3,N/A,N/A,-0.33,3.538,44.7,0.6,N/A,N/A,122,23.35,21.9,5.4,9.2,1.7,17,4.19
Malaysia,30,4.8,0.719,69.98,57,7.19,5.7,7.34,6.52,3.8,27.4,76.2,62,39.47,29511,93.7,15.8,21,30,0.81,57.29,42.71,47.9,62.63,41.16,0.59,5.384,41,-5.58,N/A,N/A,28,7.26,25.4,5.7,8.9,2.3,77,2.13
Maldives,N/A,6.4,0.56,N/A,75,N/A,N/A,N/A,N/A,2.3,N/A,N/A,N/A,29.13,16688,97.7,29.5,19,21,0.74,55.34,44.66,35.6,N/A,46.79,-0.41,5.198,N/A,N/A,N/A,N/A,N/A,5.23,27.65,2.7,3.9,0.8,40,2.93
Mali,N/A,7.5,0.293,N/A,129,3.93,6.15,5.91,6.03,1.8,16.3,59.3,N/A,33.5,2218,35.5,102,9,24,0.434,N/A,N/A,29.4,N/A,N/A,-0.83,4.729,33,-1.98,N/A,N/A,139,37.33,28.25,4.1,5.3,2.9,43,4.86
Malta,35,3.9,0.818,58.58,52,7.68,8.77,7.97,8.37,1.3,40.9,82.6,75,30.46,40797,94.5,3.7,35,55,0.895,40.39,59.61,70.7,80.29,60.96,0.95,6.773,29.4,N/A,N/A,N/A,26,0.71,19.2,6.1,9.8,2.3,94,0.38
Marshall Islands,N/A,N/A,0.723,N/A,N/A,N/A,N/A,N/A,N/A,0,N/A,N/A,N/A,N/A,4247,98.3,25.4,38,55,0.704,N/A,N/A,30.8,N/A,N/A,N/A,N/A,N/A,N/A,N/A,N/A,N/A,N/A,27.4,N/A,N/A,N/A,77,0.61
Mauritania,40,10.7,0.389,N/A,134,3.92,4.83,6.11,5.47,2.3,19.8,64.9,N/A,32.25,3958,53.5,63.4,14,21,0.546,N/A,N/A,27.7,N/A,N/A,-0.58,4.375,32.6,-2.16,N/A,N/A,140,18.7,27.65,3.1,4,2.2,55,4.28
Mauritius,15,9.8,0.729,N/A,52,8.14,6.98,8.07,7.52,3.7,34.6,74.4,N/A,28.74,22356,91.3,12.2,37,50,0.804,48.88,51.12,45.1,54.47,52.67,0.76,6.101,38.5,N/A,N/A,N/A,39,2.9,22.4,9.5,16.3,2.8,40,0.11
Mayotte,N/A,N/A,N/A,N/A,N/A,N/A,N/A,N/A,N/A,N/A,N/A,N/A,N/A,N/A,N/A,N/A,56.3,N/A,N/A,N/A,N/A,N/A,N/A,N/A,N/A,N/A,N/A,N/A,N/A,N/A,N/A,N/A,N/A,N/A,N/A,N/A,N/A,N/A,N/A
Mexico,35,4.4,0.678,72.48,124,6.07,6.38,6.93,6.65,6,27,75.1,52.6,46.71,18656,95.4,18.4,27,34,0.779,54.19,45.81,52.6,59.9,46.03,-0.66,6.465,48.3,-8.23,65.97,63.08,64,3.39,21,5.3,8.5,2.2,80,1.59
Micronesia,N/A,N/A,N/A,N/A,N/A,N/A,N/A,N/A,N/A,0.5,21,67.9,N/A,N/A,3701,N/A,26.1,37,55,0.62,N/A,N/A,33,N/A,N/A,0.02,N/A,N/A,-1.63,N/A,N/A,N/A,22.51,N/A,28.2,43.2,12.7,22,1.05
Middle East and North Africa,N/A,N/A,N/A,N/A,N/A,3.77,N/A,N/A,N/A,N/A,N/A,N/A,N/A,N/A,N/A,N/A,N/A,N/A,N/A,N/A,N/A,N/A,N/A,N/A,N/A,N/A,N/A,N/A,N/A,N/A,N/A,N/A,N/A,N/A,N/A,N/A,N/A,N/A,N/A
Moldova,12,3.6,0.71,N/A,115,5.78,7.2,6.66,6.93,6.6,N/A,N/A,59.6,31.61,5711,99.4,13.1,26,35,0.75,46.35,53.65,44.4,64.44,55.02,-0.37,5.608,25.9,-7.5,N/A,N/A,84,10.05,9.45,14.7,26.1,4.1,42,-0.07
Monaco,N/A,N/A,N/A,N/A,N/A,N/A,N/A,N/A,N/A,1.5,N/A,N/A,N/A,N/A,N/A,N/A,5,26,57,N/A,N/A,N/A,N/A,86.47,N/A,N/A,N/A,N/A,N/A,N/A,N/A,N/A,N/A,13.55,N/A,N/A,N/A,100,0.51
Mongolia,10,8.4,0.766,N/A,111,6.48,7.79,7.43,7.61,4.6,N/A,N/A,N/A,28.97,12946,98.4,39.8,36,48,0.737,56.01,43.99,32.2,91.84,42.03,-0.27,5.456,32.3,N/A,N/A,N/A,69,10.8,-0.7,17.9,30.7,5.4,68,1.63
Montenegro,9,23.58,0.79,N/A,67,5.77,8.03,6.84,7.43,2.4,N/A,N/A,N/A,34.33,19355,98.8,N/A,24,39,0.829,41.18,58.82,46.3,46.91,58.82,0.1,5.546,31.9,-15.2,N/A,N/A,53,6.39,10.55,21,31.7,10.4,67,0.54
Montserrat,N/A,N/A,N/A,N/A,N/A,N/A,N/A,N/A,N/A,1.2,N/A,N/A,N/A,N/A,N/A,N/A,16,N/A,N/A,N/A,N/A,N/A,N/A,N/A,N/A,N/A,N/A,N/A,N/A,N/A,N/A,N/A,N/A,N/A,N/A,N/A,N/A,9,0.64
Morocco,38,12.8,0.529,45.87,86,5.04,5.68,6.69,6.18,0.8,27,76.7,43.7,43.94,8225,73.8,36.8,13,24,0.686,48.66,51.34,42.3,69.42,51.31,-0.14,5.095,39.5,-7.02,N/A,N/A,86,12.16,17.1,7.2,9.7,4.7,63,2.14
Mozambique,32,3.39,0.385,N/A,149,3.51,6.89,5.6,6.24,15.3,17.3,60.8,N/A,35.39,1250,60.7,105.8,14,29,0.456,N/A,N/A,33.9,N/A,N/A,-1.02,4.624,54,-0.5,N/A,N/A,129,26.03,23.8,13.6,22,5.7,37,4.35
Myanmar,25,1.79,0.443,N/A,137,3.04,5.26,5.63,5.44,N/A,N/A,N/A,N/A,46.14,6174,75.6,N/A,13,15,0.583,46.51,53.49,25.1,89.77,54.14,N/A,4.308,38.1,3.18,N/A,N/A,N/A,N/A,13.05,2.9,4.9,1.1,31,1.74
Nagorno-Karabakh,N/A,N/A,N/A,N/A,N/A,N/A,N/A,N/A,N/A,N/A,N/A,N/A,N/A,N/A,N/A,N/A,N/A,16,19,N/A,N/A,N/A,N/A,N/A,N/A,N/A,N/A,N/A,N/A,N/A,N/A,N/A,N/A,N/A,N/A,N/A,N/A,N/A,N/A
Namibia,37,33.4,0.571,N/A,57,6.52,6.97,6.53,6.75,6.1,N/A,N/A,N/A,19.72,10471,91.5,45.5,31,46,0.646,65.21,34.79,40.2,N/A,32.79,0.31,4.571,59.1,-7.24,N/A,N/A,N/A,7.07,19.95,9.7,16.7,3.2,52,4.2
Nauru,N/A,N/A,N/A,N/A,N/A,N/A,N/A,N/A,N/A,5.1,N/A,N/A,N/A,N/A,N/A,N/A,9.25,34,43,N/A,N/A,N/A,N/A,N/A,N/A,N/A,N/A,N/A,0.7,N/A,N/A,N/A,N/A,N/A,N/A,N/A,N/A,100,-0.06
Nepal,N/A,4.44,0.502,57.94,117,5.22,6.53,6.49,6.51,4.5,N/A,N/A,N/A,34.62,2702,67.9,47.61,25,31,0.602,36.01,63.99,32.7,84.12,65.44,-0.54,5.137,32.8,-1.87,N/A,N/A,103,21.58,8.1,9,16.4,2.7,20,3.15
Netherlands,35,3.2,0.906,75.28,8,8.96,9.28,7.72,8.5,1.3,41.8,82.1,82.4,9.67,54422,N/A,9,40,58,0.944,27.16,72.84,75.3,25.39,72.38,1.81,7.449,28.2,-3.79,77.31,81.93,4,1.65,9.25,11.8,15.5,8.3,92,0.74
New Caledonia,N/A,16.5,N/A,N/A,N/A,N/A,N/A,N/A,N/A,1.4,N/A,N/A,N/A,N/A,N/A,96.9,7,N/A,N/A,N/A,N/A,N/A,N/A,N/A,N/A,N/A,N/A,N/A,N/A,N/A,N/A,N/A,N/A,N/A,N/A,N/A,N/A,71,1.89
New Zealand,33,4,0.917,73.59,1,9.25,9.27,8.5,8.88,1.9,N/A,N/A,74.3,10.04,40748,N/A,4.9,40,59,0.931,42.88,57.12,71.3,23.72,59.07,1.88,7.3,N/A,-2.99,75.65,79.01,11,N/A,10.55,11,16.5,5.8,86,1.01
Nicaragua,30,4.9,0.558,N/A,159,3.6,6.72,7.01,6.86,3.9,23.1,74.5,N/A,39.98,5855,N/A,25,10,20,0.66,47.89,52.11,39.2,N/A,55.56,-1.18,6.137,46.2,-3,N/A,N/A,100,15.43,24.9,4.4,6.9,1.9,59,1.45
Niger,N/A,0.7,0.214,N/A,123,3.29,5.92,5.83,5.87,2.4,15,62.4,N/A,28.44,1019,19.1,116.6,20,28,0.394,N/A,N/A,30.8,N/A,N/A,-0.53,4.91,34.3,1.2,N/A,N/A,136,37.81,27.15,5.3,7.2,3.3,16,4.27
Nigeria,24,33.3,0.483,48.52,149,4.1,5.9,6.86,6.38,16.5,17.8,54.7,N/A,39.69,5887,62,94.3,21,24,0.539,64.06,35.94,31,87.7,36.23,-0.9,4.724,43,-1.79,N/A,N/A,112,21.91,26.8,3.5,5,1.9,52,4.23
Niue,N/A,N/A,N/A,N/A,N/A,N/A,N/A,N/A,N/A,4,N/A,N/A,N/A,N/A,N/A,N/A,N/A,N/A,N/A,N/A,N/A,N/A,N/A,N/A,N/A,N/A,N/A,N/A,N/A,N/A,N/A,N/A,N/A,N/A,N/A,N/A,N/A,46,1.69
North Korea,N/A,4.7,N/A,N/A,170,1.08,N/A,N/A,N/A,N/A,N/A,N/A,N/A,81.28,N/A,100,51.3,0,3,N/A,N/A,N/A,N/A,N/A,N/A,-1.65,N/A,N/A,N/A,N/A,N/A,N/A,N/A,5.7,9.4,11.2,7.6,62,0.82
North Macedonia,N/A,N/A,N/A,56.37,111,5.89,7.66,7.02,7.34,N/A,N/A,N/A,N/A,31.67,15290,97.8,N/A,27,39,0.774,39.12,60.88,55.4,79.75,61.33,-0.24,N/A,35.6,N/A,N/A,N/A,N/A,8.05,9.8,9.4,13.9,4.8,N/A,N/A
Northern Cyprus,N/A,N/A,N/A,N/A,N/A,N/A,N/A,N/A,N/A,N/A,N/A,N/A,N/A,29.82,N/A,N/A,N/A,28,50,N/A,N/A,N/A,N/A,N/A,N/A,N/A,N/A,N/A,N/A,N/A,N/A,N/A,N/A,N/A,N/A,N/A,N/A,N/A,N/A
Northern Mariana Islands,N/A,N/A,N/A,N/A,N/A,N/A,N/A,N/A,N/A,0.3,N/A,N/A,N/A,N/A,N/A,N/A,6.6,N/A,N/A,N/A,N/A,N/A,N/A,N/A,N/A,N/A,N/A,N/A,N/A,N/A,N/A,N/A,N/A,N/A,N/A,N/A,N/A,91,0.29
Norway,38.2,5.1,0.915,75.59,7,9.81,9.26,7.62,8.44,1.9,39,82.9,83.6,6.72,62183,N/A,3.5,40,60,0.957,33.72,66.28,77.7,18.09,64.57,1.98,7.488,27.5,-0.76,70.59,78.22,15,1.93,1.5,11.8,15.8,7.7,83,1.4
Oman,0,5,0.706,58.42,49,3,5.2,6.76,5.98,1.6,N/A,N/A,N/A,43.37,41331,95.7,16.8,6,17,0.813,20.34,79.66,38.5,37.21,79.21,0.55,N/A,N/A,-6.36,N/A,N/A,49,2.35,25.6,4.9,6.8,1,86,5.25
Pakistan,35,4.4,0.411,60.04,124,4.31,5.47,5.91,5.69,4.1,22.5,67.3,36.7,46.86,5539,59.1,65.1,15,22,0.557,42.51,57.49,33.1,73.41,55.92,-0.67,5.693,33.5,-0.38,N/A,N/A,115,22.04,20.2,8.9,13.3,4.3,37,2.53
Pakistani Kashmir,N/A,N/A,N/A,N/A,N/A,N/A,N/A,N/A,N/A,N/A,N/A,N/A,N/A,N/A,N/A,N/A,N/A,9,19,N/A,N/A,N/A,N/A,N/A,N/A,N/A,N/A,N/A,N/A,N/A,N/A,N/A,N/A,N/A,N/A,N/A,N/A,N/A,N/A
Palau,N/A,N/A,0.844,N/A,N/A,N/A,N/A,N/A,N/A,0.9,N/A,N/A,N/A,N/A,14854,96.6,13.1,37,55,0.826,N/A,N/A,N/A,N/A,N/A,0.31,N/A,N/A,-10.28,N/A,N/A,N/A,N/A,27.6,N/A,N/A,N/A,81,1.77
Palestine,N/A,26.4,0.66,N/A,N/A,3.83,N/A,N/A,N/A,N/A,N/A,N/A,N/A,43.18,4896,97.2,N/A,N/A,N/A,0.708,43.74,56.26,N/A,N/A,56.41,-0.49,4.553,N/A,N/A,N/A,N/A,N/A,7.05,N/A,N/A,N/A,N/A,N/A,N/A
Panama,25,18.5,0.692,60.74,111,7.18,7.72,7.66,7.69,0.9,N/A,N/A,51.4,29.94,24521,95.4,12.6,35,48,0.815,45.15,54.85,47.3,59.36,52.81,-0.12,6.305,49.9,-17.94,N/A,N/A,65,2.17,25.4,2.9,4.7,1,68,2.06
Papua New Guinea,42,2.7,0.43,N/A,142,6.1,6.84,6.36,6.6,5.4,N/A,N/A,N/A,24.88,4208,64.2,45.2,23,39,0.555,80.79,19.21,32.4,N/A,18.07,-0.8,N/A,41.9,-3.87,N/A,N/A,N/A,N/A,25.25,3,4.3,1.6,13,2.51
Paraguay,N/A,8.1,0.631,N/A,137,6.18,6.78,7.03,6.9,3.6,N/A,N/A,46.8,33.52,13109,94,24.6,28,37,0.728,49.37,50.63,46.4,N/A,50.4,-0.56,5.692,48.8,-0.9,N/A,N/A,93,10,23.55,6,8.7,3.2,62,1.71
Peru,30,9.5,0.689,57.84,94,6.53,7.61,7.49,7.55,2.8,N/A,N/A,49.9,31.71,13463,94.4,28.6,29,42,0.777,66.72,33.28,44,82.31,31.85,-0.49,5.797,43.3,-11.11,N/A,N/A,66,6.75,19.6,2.8,4.2,1.4,78,1.44
Philippines,35,6.9,0.661,67.19,115,6.56,6.44,7.32,6.88,2.9,N/A,N/A,51.7,45.64,8361,98.2,20.5,25,31,0.718,42.46,57.54,38.4,73.69,57.84,-0.48,6.006,44.4,-9.51,N/A,N/A,82,8.82,25.85,2.2,3.1,1.2,47,1.99
Poland,32,5.8,0.866,56.15,45,6.85,8.32,7.24,7.78,2,38.8,78.1,69.1,28.84,29924,99.8,6.8,34,48,0.88,30.5,69.5,60.9,57.34,71.5,0.45,6.186,31.8,-2.72,53.83,55.34,46,2.35,7.85,11.3,20.1,3.1,60,-0.25
Portugal,48,6.7,0.759,71.85,33,7.9,9.02,7.52,8.27,1.6,42.2,80.9,72,10.11,32554,N/A,4.7,39,57,0.864,29.91,70.09,67,30.19,70.37,1.14,5.911,35.5,-7.58,61.75,55.84,29,2.05,15.15,11.5,17.9,5.7,66,0.47
Puerto Rico,33,9.2,N/A,57.32,N/A,N/A,N/A,N/A,N/A,1.8,N/A,N/A,N/A,N/A,N/A,92.4,8.4,N/A,N/A,N/A,62.84,37.16,N/A,50.24,34.37,0.59,N/A,N/A,-7.5,N/A,N/A,N/A,0.69,N/A,N/A,N/A,N/A,93,-0.14
Qatar,0,0.1,0.698,73.19,30,3.24,5.24,7.07,6.15,0.4,N/A,N/A,N/A,42.6,128647,93.5,12.6,7,18,0.848,12.13,87.87,37.1,60.19,88.14,0.73,N/A,N/A,-2.61,N/A,N/A,42,0.23,27.15,5.8,7.2,1.7,99,2.41
Republic of the Congo,N/A,10.3,0.526,N/A,N/A,3.11,6.52,5.08,5.8,0.5,N/A,N/A,N/A,38.83,N/A,N/A,79.7,2,18,0.574,N/A,N/A,30.8,N/A,N/A,-1.15,5.194,N/A,-7.81,N/A,N/A,N/A,N/A,24.55,6.5,9.5,3.5,67,3.28
Romania,10,5.1,0.762,55.98,69,6.4,8.54,7.68,8.11,1.3,N/A,N/A,63.1,24.91,26660,98.8,22.9,35,48,0.828,28.3,71.7,64.7,58.65,72.36,0.36,6.124,35.9,-3.9,N/A,N/A,60,4.13,8.8,9.7,16.5,3.3,54,-0.38
Russia,13,4.5,0.832,58.53,129,3.31,5.9,6.86,6.38,3.7,38.3,73.6,64.7,48.71,25763,99.7,10.5,5,15,0.824,39.99,60.01,50.5,62.63,58.88,-0.72,5.546,37.7,-3.05,N/A,N/A,47,3.5,-5.1,25.1,43.6,9.1,74,0.18
Rwanda,N/A,17,0.45,N/A,49,3.1,6.38,7.26,6.82,4.8,18.2,69,N/A,50.66,2043,73.2,81.6,8,13,0.543,24.89,75.11,33.8,N/A,N/A,0.08,3.312,43.7,-0.19,N/A,N/A,74,23.54,17.85,5.6,8.2,3,17,2.86
Saint Helena,N/A,N/A,N/A,N/A,N/A,N/A,N/A,N/A,N/A,4,N/A,N/A,N/A,N/A,N/A,N/A,17.6,N/A,N/A,N/A,N/A,N/A,N/A,N/A,N/A,N/A,N/A,N/A,N/A,N/A,N/A,N/A,N/A,N/A,N/A,N/A,N/A,N/A,N/A
Saint Kitts and Nevis,0,N/A,0.68,N/A,N/A,N/A,N/A,N/A,N/A,0,N/A,N/A,N/A,N/A,28636,N/A,13.9,35,54,0.779,N/A,N/A,N/A,N/A,N/A,N/A,N/A,N/A,-18.65,N/A,N/A,N/A,N/A,24.5,N/A,N/A,N/A,30,0.92
Saint Lucia,30,N/A,0.676,N/A,45,N/A,N/A,N/A,N/A,0.1,30.5,76.2,N/A,N/A,13986,N/A,13.4,N/A,N/A,0.759,N/A,N/A,43.1,N/A,N/A,0.57,N/A,N/A,-18.85,N/A,N/A,N/A,2.01,25.5,7.9,14.3,1.7,18,0.8
Saint Pierre and Miquelon,N/A,N/A,N/A,N/A,N/A,N/A,N/A,N/A,N/A,1.5,N/A,N/A,N/A,N/A,N/A,N/A,6.8,N/A,N/A,N/A,N/A,N/A,N/A,N/A,N/A,N/A,N/A,N/A,N/A,N/A,N/A,N/A,N/A,N/A,N/A,N/A,N/A,90,0.36
Saint Vincent and the Grenadines,30,N/A,0.655,N/A,40,N/A,N/A,N/A,N/A,2.2,29,72.7,N/A,N/A,N/A,N/A,15.1,N/A,N/A,0.738,N/A,N/A,48.4,N/A,N/A,N/A,N/A,N/A,-4.18,N/A,N/A,N/A,N/A,26.8,1,1.3,0.6,53,1.03
Samoa,27,N/A,0.692,N/A,N/A,N/A,N/A,N/A,N/A,1.3,N/A,N/A,N/A,19.24,6641,99.1,24.2,30,51,0.715,N/A,N/A,37.3,N/A,N/A,1.08,N/A,38.7,-3.15,N/A,N/A,N/A,9.75,26.7,12.6,18,6.7,17,-0.47
San Marino,N/A,N/A,N/A,N/A,N/A,N/A,N/A,N/A,N/A,1,N/A,N/A,N/A,N/A,63549,99.9,5.3,38,55,N/A,N/A,N/A,N/A,N/A,N/A,N/A,N/A,N/A,-9.74,N/A,N/A,N/A,0.02,11.85,N/A,N/A,N/A,97,0.67
Sao Tome and Principe,N/A,13.9,0.557,N/A,63,N/A,N/A,N/A,N/A,5.7,19.2,70.4,N/A,N/A,3359,92.8,37.1,35,49,0.625,N/A,N/A,37.6,N/A,N/A,-0.68,N/A,30.8,-6.5,N/A,N/A,N/A,N/A,23.75,1.5,2.2,0.8,74,3.33
Saudi Arabia,0,6.5,0.787,60.88,52,2.08,4.32,6.52,5.42,-0.9,N/A,N/A,57.1,62.73,53893,95.3,11.5,1,6,0.854,25.23,74.77,44,63.91,73.82,0.17,6.406,N/A,-4.14,N/A,N/A,57,2.23,24.65,6,8.9,2,84,2.17
Senegal,40,22.6,0.368,N/A,67,5.67,6.97,6.17,6.57,1.3,18.1,67.9,36,25.22,3458,51.9,58.9,29,42,0.512,N/A,N/A,30.7,N/A,N/A,-0.19,4.981,40.3,0.82,N/A,N/A,120,14.99,27.85,6,9.2,3,48,3.73
Serbia,10,11.1,0.778,51.96,94,6.22,7.71,6.89,7.3,3.1,38.7,75.8,63.8,32.03,15432,98.3,6.7,22,42,0.806,38.1,61.9,55.2,61.66,62.59,-0.12,5.778,39.6,N/A,N/A,N/A,63,5.95,10.55,11.4,16.6,6.3,56,-0.07
Seychelles,N/A,4,0.727,N/A,27,N/A,7.17,7.16,7.16,2.9,N/A,N/A,N/A,25.66,29328,95.9,12.3,34,43,0.796,N/A,N/A,58.2,N/A,N/A,0.17,N/A,46.8,-13.35,N/A,N/A,52,2.23,27.15,8.1,14.4,1.4,57,1.26
Sierra Leone,15,4.6,0.39,N/A,117,4.86,6.27,5.71,5.99,18.2,19.1,54.7,N/A,29.61,1530,43.2,154.4,28,37,0.452,N/A,N/A,25.7,N/A,N/A,-0.77,3.926,34,-2.24,N/A,N/A,131,54.34,26.05,6.7,8.3,5.1,42,3.12
Singapore,22,2.7,0.832,71.23,3,6.03,7.5,8.71,8.11,0.6,38.1,83.4,74.6,55.2,94105,97.3,2.3,19,29,0.938,27.96,72.04,58.1,33.14,69.43,1.88,6.377,N/A,-5.39,N/A,N/A,12,0.03,26.45,11.2,15,7.1,100,1.39
Sint Maarten,N/A,N/A,N/A,N/A,N/A,N/A,N/A,N/A,N/A,N/A,N/A,N/A,N/A,N/A,N/A,N/A,N/A,N/A,N/A,N/A,N/A,N/A,N/A,N/A,N/A,N/A,N/A,N/A,N/A,N/A,N/A,N/A,N/A,N/A,N/A,N/A,N/A,100,1.56
Sint Maarten (Dutch part),48,N/A,N/A,N/A,N/A,N/A,N/A,N/A,N/A,N/A,N/A,N/A,N/A,N/A,N/A,N/A,N/A,N/A,N/A,N/A,N/A,N/A,N/A,N/A,N/A,N/A,N/A,N/A,N/A,N/A,N/A,N/A,N/A,N/A,N/A,N/A,N/A,N/A,N/A
Slovakia,25,7.66,0.831,60.19,60,6.97,8.54,7.51,8.02,1.3,N/A,N/A,68.5,23.02,32371,N/A,6.8,37,53,0.86,30.37,69.63,68.3,39.5,70.78,0.56,6.281,26.5,-5.2,59.43,59.82,40,2.48,6.8,12.1,21.2,3.4,53,0
Slovenia,50,7.3,0.886,65.19,35,7.54,8.78,7.15,7.97,1.4,42.4,81.4,76.4,23.1,36387,99.7,4.2,39,56,0.917,22.28,77.72,72,22.65,78.93,1.12,6.363,25.4,N/A,54.09,51.73,27,2.01,8.9,19.8,31.4,8.3,55,0.56
Solomon Islands,N/A,N/A,0.469,N/A,78,N/A,N/A,N/A,N/A,0.5,19.7,73.1,N/A,N/A,2427,N/A,19,30,49,0.567,N/A,N/A,26.7,N/A,N/A,-0.14,N/A,37.1,-4.32,N/A,N/A,N/A,N/A,25.65,14.7,27,1.9,24,3.91
Somalia,N/A,N/A,N/A,N/A,179,N/A,N/A,N/A,N/A,1.5,16.3,57.4,N/A,55.47,N/A,N/A,113.1,1,6,N/A,56.04,43.96,N/A,N/A,41.5,-2.35,N/A,N/A,-1.5,N/A,N/A,N/A,N/A,27.05,7.9,12,3.8,46,4.23
Somaliland,N/A,N/A,N/A,N/A,N/A,N/A,N/A,N/A,N/A,N/A,N/A,N/A,N/A,N/A,N/A,N/A,N/A,18,24,N/A,N/A,N/A,N/A,N/A,N/A,N/A,N/A,N/A,N/A,N/A,N/A,N/A,N/A,N/A,N/A,N/A,N/A,N/A,N/A
South Africa,45,34.4,0.708,63.94,69,7.05,7.55,6.61,7.08,5.3,N/A,N/A,41.4,21.59,13526,87,44.4,33,46,0.709,76.86,23.14,43.1,56.45,22.51,-0.08,4.814,63,-6.96,N/A,N/A,50,1.88,17.75,23.5,37.6,9.8,67,1.97
South Korea,45,2.8,0.862,82.36,N/A,8.01,8.81,7.59,8.2,N/A,N/A,N/A,71.4,23.43,38824,N/A,N/A,33,50,0.916,26.68,73.32,66.5,62.42,71.98,1.19,5.872,31.6,-0.95,77.92,77.23,19,1.62,11.5,28.6,40.2,16.9,81,0.3
South Ossetia,N/A,N/A,N/A,N/A,N/A,N/A,N/A,N/A,N/A,N/A,N/A,N/A,N/A,N/A,N/A,N/A,N/A,2,8,N/A,N/A,N/A,N/A,N/A,N/A,N/A,N/A,N/A,N/A,N/A,N/A,N/A,N/A,N/A,N/A,N/A,N/A,N/A,N/A
South Sudan,N/A,N/A,0.297,N/A,179,N/A,N/A,N/A,N/A,187.9,18.6,57.9,N/A,45.78,N/A,34.5,N/A,-2,4,0.433,N/A,N/A,N/A,N/A,N/A,N/A,2.817,N/A,-6.58,N/A,N/A,N/A,N/A,N/A,3.9,5.7,2,20,4.1
Spain,47,15.26,0.824,78.85,32,8.12,8.69,7.55,8.12,2,41.4,83.6,70,20.44,39037,98.4,4.2,37,53,0.904,33.32,66.68,74.3,39.73,68.04,0.98,6.401,36.2,-10.96,61.17,66.48,24,2.61,13.3,7.7,11.4,4.2,80,0.33
Sri Lanka,18,5.7,0.749,72.72,94,6.14,6.25,6.57,6.41,6.5,31.4,77.1,52.3,42.2,12863,N/A,18.5,23,33,0.782,41.39,58.61,39,59.97,59.78,-0.01,4.327,39.8,-3.56,N/A,N/A,95,7.54,26.95,14,22.3,6.2,18,0.85
St Maarten,48,N/A,N/A,N/A,N/A,N/A,N/A,N/A,N/A,N/A,N/A,N/A,N/A,N/A,N/A,N/A,N/A,N/A,N/A,N/A,N/A,N/A,N/A,N/A,N/A,N/A,N/A,N/A,N/A,N/A,N/A,N/A,N/A,N/A,N/A,N/A,N/A,N/A,N/A
St. Lucia,N/A,N/A,N/A,N/A,N/A,N/A,N/A,N/A,N/A,N/A,N/A,N/A,N/A,N/A,N/A,N/A,N/A,37,54,N/A,N/A,N/A,N/A,N/A,N/A,N/A,N/A,51.2,N/A,N/A,N/A,N/A,N/A,N/A,N/A,N/A,N/A,N/A,N/A
St. Vincent and the Grenadines,N/A,N/A,N/A,N/A,N/A,N/A,N/A,N/A,N/A,N/A,N/A,N/A,N/A,N/A,11769,N/A,N/A,36,55,N/A,N/A,N/A,N/A,N/A,N/A,0.45,N/A,N/A,N/A,N/A,N/A,N/A,N/A,N/A,N/A,N/A,N/A,N/A,N/A
Sub-Saharan Africa,N/A,N/A,N/A,N/A,N/A,3.66,N/A,N/A,N/A,N/A,N/A,N/A,N/A,N/A,N/A,N/A,N/A,N/A,N/A,N/A,N/A,N/A,N/A,N/A,N/A,N/A,N/A,N/A,N/A,N/A,N/A,N/A,N/A,N/A,N/A,N/A,N/A,N/A,N/A
Sudan,15,17.7,0.328,N/A,174,2.54,3.97,4.67,4.32,32.4,19.2,65.3,N/A,52.93,4914,60.7,82.4,2,15,0.51,42.34,57.66,34.8,N/A,N/A,-1.14,N/A,35.4,-3.63,N/A,N/A,138,21.77,26.9,3.8,4.9,2.8,35,3.17
Suriname,38,11.2,0.636,N/A,94,6.82,8.3,6.65,7.48,22,N/A,N/A,N/A,16.95,15191,94.4,18.8,34,45,0.738,N/A,N/A,45.2,N/A,N/A,-0.06,N/A,57.6,13.45,N/A,N/A,126,8.66,25.7,25.4,38.8,11.8,66,0.9
Swaziland,33,23.4,0.528,N/A,N/A,N/A,N/A,N/A,N/A,6.2,N/A,N/A,N/A,N/A,N/A,N/A,68.6,N/A,N/A,N/A,N/A,N/A,N/A,N/A,N/A,-0.5,N/A,N/A,N/A,N/A,N/A,116,8.45,N/A,N/A,N/A,N/A,N/A,N/A
Sweden,52.85,8,0.904,68.82,3,9.26,9.45,7.56,8.5,1.9,41,83,83.5,7.24,51405,N/A,2.7,40,60,0.945,48,52,78.7,18.46,52.93,1.91,7.353,29.2,-2.81,82.61,85.81,1,1.38,2.1,14.7,19.9,9.5,88,1.05
Switzerland,40,2.7,0.897,74.08,3,8.83,9.24,8.4,8.82,0.5,42,83.8,82.1,10.55,66307,N/A,4.2,39,57,0.955,21.62,78.38,81.5,19.86,78.4,1.91,7.56,32.3,-2.98,38.63,48.4,5,0.66,5.5,14.5,20.2,9,73,0.88
Syria,22,9,0.412,N/A,178,1.43,2.53,5.05,3.79,28.1,22.4,73,N/A,70.63,N/A,86.4,25.8,-3,4,0.567,67.18,32.82,N/A,73.58,33.54,-2.08,N/A,N/A,N/A,N/A,N/A,N/A,N/A,17.75,2,3.2,0.7,55,1.43
Syrian Arab Republic,N/A,N/A,N/A,N/A,N/A,N/A,N/A,N/A,N/A,N/A,N/A,N/A,N/A,N/A,N/A,N/A,N/A,N/A,N/A,N/A,N/A,N/A,N/A,N/A,N/A,N/A,N/A,35.8,N/A,N/A,N/A,N/A,N/A,N/A,N/A,N/A,N/A,N/A,N/A
Taiwan,40,4.36,N/A,86.38,28,8.94,8.94,7.85,8.4,1.1,N/A,N/A,N/A,23.86,N/A,98.5,5.3,38,56,N/A,15.46,84.54,57.2,62.98,84.35,1.14,6.455,N/A,3.1,N/A,N/A,N/A,N/A,N/A,N/A,N/A,N/A,78,0.8
Tajikistan,N/A,7.5,0.659,N/A,149,1.94,5.49,6.05,5.77,7.3,21.7,71.1,N/A,55.52,3202,99.8,41,0,8,0.668,N/A,N/A,38.2,N/A,N/A,-1.23,5.556,34,4.5,N/A,N/A,94,20.87,2,4.3,5.7,2.8,27,2.62
Tanzania,30,9.5,0.441,N/A,94,5.1,5.75,6.77,6.26,5.3,17.5,65.4,N/A,40.69,2948,77.9,69.2,12,22,0.529,56,44,31.1,64.38,41.05,-0.58,3.476,37.8,1.02,N/A,N/A,120,26.55,22.35,4.3,6.6,2,35,5.22
Thailand,35,1.9,0.661,77.68,104,6.04,6.25,6.86,6.55,0.7,N/A,N/A,55.4,45.22,17910,92.9,17.6,5,25,0.777,39.35,60.65,45.4,75.35,59.52,0.1,5.999,36.5,-6.08,N/A,N/A,37,8.14,26.3,8.8,15,2.9,51,1.73
Tibet,N/A,N/A,N/A,N/A,N/A,N/A,N/A,N/A,N/A,N/A,N/A,N/A,N/A,N/A,N/A,N/A,N/A,-2,3,N/A,N/A,N/A,N/A,N/A,N/A,N/A,N/A,N/A,N/A,N/A,N/A,N/A,N/A,N/A,N/A,N/A,N/A,N/A,N/A
Timor Leste,N/A,N/A,N/A,N/A,86,7.06,7.52,5.99,6.76,N/A,16.6,69.5,N/A,29.11,7228,N/A,40.6,33,39,N/A,N/A,N/A,35.3,N/A,N/A,N/A,N/A,28.7,-6.8,N/A,N/A,N/A,N/A,25.25,3.7,5.3,2,31,3.35
Togo,N/A,4.1,0.506,N/A,134,2.8,6.41,6.21,6.31,-0.7,18.9,61,N/A,29.59,1663,63.7,56.2,15,28,0.515,N/A,N/A,29.5,N/A,N/A,-0.59,4.187,43.1,N/A,N/A,N/A,125,19.76,27.15,8.8,13.8,3.9,42,3.76
Tokelau,N/A,N/A,N/A,N/A,N/A,N/A,N/A,N/A,N/A,N/A,N/A,N/A,N/A,N/A,N/A,N/A,N/A,N/A,N/A,N/A,N/A,N/A,N/A,N/A,N/A,N/A,N/A,N/A,N/A,N/A,N/A,N/A,N/A,N/A,N/A,N/A,N/A,0,0
Tonga,N/A,N/A,0.77,N/A,N/A,N/A,N/A,N/A,N/A,7.4,N/A,N/A,N/A,24.59,5969,99.4,11.5,30,49,0.725,N/A,N/A,45.1,N/A,N/A,0.46,N/A,37.6,-0.46,N/A,N/A,N/A,N/A,25.25,3.8,5,2.6,23,0.71
Transnistria,N/A,N/A,N/A,N/A,N/A,N/A,N/A,N/A,N/A,N/A,N/A,N/A,N/A,N/A,N/A,N/A,N/A,8,12,N/A,N/A,N/A,N/A,N/A,N/A,N/A,N/A,N/A,N/A,N/A,N/A,N/A,N/A,N/A,N/A,N/A,N/A,N/A,N/A
Trinidad and Tobago,25,4.5,0.722,53.76,86,7.16,6.54,6.7,6.62,1.9,33.3,73.6,N/A,21.55,31645,99,29.9,33,49,0.796,71.63,28.37,47.5,66.66,26.81,-0.12,6.192,40.3,-7.83,N/A,N/A,67,1.16,25.75,8.7,13.9,3.6,53,0.22
Tunisia,35,17.8,0.659,56.15,69,6.59,5.97,6.2,6.08,5.3,N/A,N/A,51.7,29.53,11936,81.8,22.5,32,39,0.74,43.69,56.31,46.7,71.31,58.12,0.06,4.392,32.8,-8.8,N/A,N/A,83,10.27,19.2,3.3,4.7,1.9,69,1.53
Turkey,40,12,0.689,70.75,86,4.48,5.74,6.67,6.21,11.1,29.4,77.7,51.3,49.79,28002,96.2,25.7,16,16,0.82,39.62,60.38,42.6,65.79,60.51,-0.28,5.132,41.9,1.79,0,85.43,73,6.42,9.9,2.4,3.6,1.2,76,2.04
Turkmenistan,N/A,4.38,0.626,N/A,165,1.72,N/A,N/A,N/A,8,25.6,68.3,N/A,80.03,18031,99.7,45.3,0,2,0.715,N/A,N/A,43.9,N/A,N/A,-1.41,5.119,40.8,0.78,N/A,N/A,N/A,10.79,15.1,5.7,8.8,2.7,52,2.46
Turks and Caicos Islands,N/A,N/A,N/A,N/A,N/A,N/A,N/A,N/A,N/A,4,N/A,N/A,N/A,N/A,N/A,N/A,13.8,N/A,N/A,N/A,N/A,N/A,N/A,N/A,N/A,N/A,N/A,N/A,N/A,N/A,N/A,N/A,N/A,N/A,N/A,N/A,N/A,93,1.77
Tuvalu,N/A,N/A,N/A,N/A,N/A,N/A,N/A,N/A,N/A,4.1,N/A,N/A,N/A,N/A,3933,N/A,18.4,37,56,N/A,N/A,N/A,N/A,N/A,N/A,0.48,N/A,39.1,0.53,N/A,N/A,N/A,N/A,28,N/A,N/A,N/A,64,2.27
UA Emirates,N/A,N/A,N/A,N/A,N/A,N/A,N/A,N/A,N/A,N/A,N/A,N/A,N/A,N/A,N/A,N/A,N/A,N/A,N/A,N/A,N/A,N/A,N/A,N/A,N/A,0.84,N/A,N/A,N/A,N/A,N/A,N/A,0.73,N/A,N/A,N/A,N/A,N/A,N/A
Uganda,40,2.44,0.525,N/A,142,4.94,5.82,7.39,6.61,5.6,15.8,63.3,N/A,41.19,1868,76.5,64.8,11,23,0.544,56.12,43.88,35.6,N/A,41,-0.31,4.432,42.8,N/A,N/A,N/A,108,23.05,22.8,4.6,7.6,1.7,25,5.7
UK,N/A,N/A,N/A,N/A,N/A,N/A,N/A,N/A,N/A,N/A,N/A,N/A,N/A,N/A,N/A,N/A,N/A,N/A,N/A,N/A,N/A,N/A,N/A,N/A,N/A,1.6,N/A,N/A,N/A,N/A,N/A,N/A,0.59,N/A,N/A,N/A,N/A,N/A,N/A
Ukraine,18,10.5,0.794,53.7,117,5.81,6.56,5.96,6.26,14.4,39.7,72.3,61.2,32.96,8699,99.8,8.9,26,34,0.779,47.42,52.58,49.5,63.59,51.15,-0.7,4.561,25,-4.21,N/A,N/A,91,8.97,8.3,21.6,39.2,6.5,69,-0.33
United Arab Emirates,0,5,0.738,68.22,21,2.7,5.09,7.17,6.13,2,N/A,N/A,N/A,43.13,74035,93.8,12.7,5,12,0.89,15.23,84.77,55.6,49.93,84.3,N/A,6.791,N/A,-5.42,N/A,N/A,33,N/A,27,6.4,8,3,87,1.71
United Kingdom,45,4.6,0.914,75.11,11,8.54,8.85,8.09,8.47,2.7,40.2,81.3,74.4,21.59,44920,N/A,4.8,39,54,0.932,46.07,53.93,81.3,40.1,56.29,N/A,7.165,33.2,-9.92,63.25,69.31,2,N/A,8.45,7.9,11.8,4,83,0.89
United States of America,37,5.2,0.903,69.11,25,7.92,8.72,8.19,8.46,2.1,37.4,78.9,70.4,23.93,59928,N/A,6.2,32,51,0.926,47.81,52.19,69.3,39.26,52.8,1.46,6.94,41.5,-3.5,55.7,86.8,3,0.92,8.55,16.1,25,7.5,82,0.95
United States Virgin Islands,N/A,N/A,N/A,N/A,N/A,N/A,N/A,N/A,N/A,N/A,N/A,N/A,N/A,N/A,N/A,N/A,N/A,N/A,N/A,N/A,N/A,N/A,N/A,N/A,N/A,N/A,N/A,N/A,N/A,N/A,N/A,N/A,N/A,N/A,N/A,N/A,N/A,95,0.1
Uruguay,36,9.4,0.733,67.76,21,8.61,8.42,7.05,7.74,6.2,N/A,N/A,67.1,16.38,22610,98.7,N/A,40,58,0.817,51.73,48.27,49.1,45.39,46.19,0.62,6.44,39.5,-5.7,N/A,N/A,48,6.45,17.55,21.2,34.5,8.9,95,0.46
Uzbekistan,N/A,10.2,0.718,N/A,146,2.12,N/A,N/A,N/A,12.5,N/A,N/A,N/A,50.74,6880,100,23.4,2,9,0.72,33.42,66.58,44.3,N/A,N/A,-1.05,6.258,35.3,1.64,N/A,N/A,N/A,25.54,12.05,8,11.3,4.8,50,1.28
Vanuatu,N/A,N/A,0.529,N/A,75,N/A,N/A,N/A,N/A,3.1,21.7,70.5,N/A,N/A,3215,87.5,49.45,33,49,0.609,N/A,N/A,28.9,N/A,N/A,0.18,N/A,37.6,N/A,N/A,N/A,N/A,N/A,23.95,18,28.1,7.6,25,2.55
Vatican City,N/A,N/A,N/A,N/A,N/A,N/A,N/A,N/A,N/A,N/A,N/A,N/A,N/A,N/A,N/A,N/A,N/A,N/A,N/A,N/A,N/A,N/A,N/A,N/A,N/A,N/A,N/A,N/A,N/A,N/A,N/A,N/A,N/A,N/A,N/A,N/A,N/A,100,-0.05
Venezuela,34,6.4,0.741,39.48,176,2.76,5.03,2.58,3.8,87.5,N/A,N/A,N/A,47.6,N/A,97.1,21.5,1,13,0.711,83.76,16.24,50.3,75.26,15.51,-2.32,5.053,46.9,-30,N/A,N/A,137,N/A,25.35,2.1,3.5,0.7,88,1.28
Vietnam,35,2.62,0.626,58.61,104,2.94,6.31,6.27,6.29,3.5,N/A,N/A,57.8,78.46,6790,95,22.8,3,16,0.704,46.19,53.81,33.4,85.54,54.65,-0.02,5.353,35.3,2.9,N/A,N/A,77,13.96,24.45,7,10.4,4.7,37,2.98
Virgin Islands,N/A,N/A,N/A,N/A,N/A,N/A,N/A,N/A,N/A,1,N/A,N/A,N/A,N/A,N/A,N/A,7.5,N/A,N/A,N/A,N/A,N/A,N/A,N/A,N/A,N/A,N/A,N/A,N/A,N/A,N/A,N/A,N/A,N/A,N/A,N/A,N/A,N/A,N/A
"Virgin Islands, British",N/A,N/A,N/A,N/A,N/A,N/A,N/A,N/A,N/A,N/A,N/A,N/A,N/A,N/A,N/A,N/A,14.6,N/A,N/A,N/A,N/A,N/A,N/A,N/A,N/A,N/A,N/A,N/A,N/A,N/A,N/A,N/A,N/A,N/A,N/A,N/A,N/A,N/A,N/A
Wallis and Futuna,N/A,N/A,N/A,N/A,N/A,N/A,N/A,N/A,N/A,0.9,N/A,N/A,N/A,N/A,N/A,N/A,5,N/A,N/A,N/A,N/A,N/A,N/A,N/A,N/A,N/A,N/A,N/A,N/A,N/A,N/A,N/A,N/A,N/A,N/A,N/A,N/A,0,0
West Bank,N/A,N/A,N/A,N/A,N/A,N/A,N/A,N/A,N/A,0.2,N/A,N/A,N/A,N/A,N/A,N/A,15.9,4,21,N/A,N/A,N/A,N/A,N/A,N/A,N/A,N/A,N/A,N/A,N/A,N/A,N/A,N/A,N/A,N/A,N/A,N/A,N/A,N/A
West Bank and Gaza,N/A,N/A,N/A,N/A,N/A,N/A,N/A,N/A,N/A,N/A,N/A,N/A,N/A,N/A,N/A,N/A,N/A,N/A,N/A,N/A,N/A,N/A,N/A,N/A,N/A,N/A,N/A,N/A,-10.96,N/A,N/A,N/A,N/A,N/A,N/A,N/A,N/A,N/A,N/A
Western Sahara,N/A,N/A,N/A,N/A,N/A,N/A,N/A,N/A,N/A,N/A,N/A,N/A,N/A,N/A,N/A,N/A,69.6,-3,7,N/A,N/A,N/A,N/A,N/A,N/A,N/A,N/A,N/A,N/A,N/A,N/A,N/A,N/A,N/A,N/A,N/A,N/A,86,2.61
Yemen,15,13.42,0.349,N/A,176,1.95,2.75,5.84,4.3,24.7,19.1,66.1,N/A,62.35,2606,70.1,54.7,1,10,0.47,N/A,N/A,N/A,N/A,N/A,-1.77,3.527,36.7,-5,N/A,N/A,141,N/A,23.85,5.8,7,4.6,37,4.06
Zambia,37.5,12.2,0.58,N/A,117,4.86,6.13,6.84,6.49,6.6,16.6,63.9,N/A,38.21,4033,N/A,N/A,20,32,0.584,43.62,56.38,34.7,N/A,N/A,-0.46,3.759,57.1,-3.49,N/A,N/A,107,2.86,21.4,7.3,12,2.7,44,4.23
Zimbabwe,40,5.7,0.558,N/A,157,3.16,5.61,5.69,5.65,0.9,19.5,61.4,N/A,43.12,2434,86.5,32.3,11,17,0.571,59.3,40.7,37,76.01,42.53,-1.26,3.299,43.2,-8,N/A,N/A,123,N/A,21,14.1,20,8.8,32,2.19